borrower_name,email,phone
Charlotte Garcia,charlotte.garcia000@example.com,+91-9982748549
Evelyn Mukherjee,evelyn.mukherjee001@example.com,+91-9695411453
Vikram Anderson,vikram.anderson002@example.com,+91-9976447539
Mei Jones,mei.jones003@example.com,+91-9697115550
Noah Rao,noah.rao004@example.com,+91-9150084428
Rahul Verma,rahul.verma005@example.com,+91-9326808977
Mia Rao,mia.rao006@example.com,+91-9104359116
Sara Sato,sara.sato007@example.com,+91-9145668163
Liam Anderson,liam.anderson008@example.com,+91-9398370582
Hiro Sato,hiro.sato009@example.com,+91-9450033924
Harper Nair,harper.nair010@example.com,+91-9950705815
Noah Gupta,noah.gupta011@example.com,+91-9895171130
Mia Saito,mia.saito012@example.com,+91-9438211092
Tara Verma,tara.verma013@example.com,+91-9741183219
Emma Khan,emma.khan014@example.com,+91-9476078963
Mason Smith,mason.smith015@example.com,+91-9918532650
Emma Gupta,emma.gupta016@example.com,+91-9736243579
Emma Sato,emma.sato017@example.com,+91-9968188935
Yuki Davis,yuki.davis018@example.com,+91-9065015165
Olivia Williams,olivia.williams019@example.com,+91-9203805386
Isha Anderson,isha.anderson020@example.com,+91-9098433586
Hiro Khan,hiro.khan021@example.com,+91-9689024924
Wei Takahashi,wei.takahashi022@example.com,+91-9022932394
Sneha Miller,sneha.miller023@example.com,+91-9261530104
Karan Ito,karan.ito024@example.com,+91-9220337809
Vikram Watanabe,vikram.watanabe025@example.com,+91-9222433532
Harper Khan,harper.khan026@example.com,+91-9873008988
Aryan Miller,aryan.miller027@example.com,+91-9831471931
Meera Takahashi,meera.takahashi028@example.com,+91-9003044648
Tara Nair,tara.nair029@example.com,+91-9139577989
Logan Johnson,logan.johnson030@example.com,+91-9857397689
Diya Rao,diya.rao031@example.com,+91-9709805235
Priya Iyer,priya.iyer032@example.com,+91-9015956152
Alex Smith,alex.smith033@example.com,+91-9632276010
John Patel,john.patel034@example.com,+91-9187095435
Krish Reddy,krish.reddy035@example.com,+91-9136105947
Aiko Lopez,aiko.lopez036@example.com,+91-9564880035
Isha Singh,isha.singh037@example.com,+91-9511365210
Mason Rodriguez,mason.rodriguez038@example.com,+91-9551085057
Harper Gupta,harper.gupta039@example.com,+91-9485337126
Lucas Mukherjee,lucas.mukherjee040@example.com,+91-9660465943
Rahul Kobayashi,rahul.kobayashi041@example.com,+91-9323873102
Sophia Patel,sophia.patel042@example.com,+91-9065310776
Ethan Hernandez,ethan.hernandez043@example.com,+91-9457707813
Akira Gupta,akira.gupta044@example.com,+91-9526422169
Sakura Wilson,sakura.wilson045@example.com,+91-9078910051
Anika Garcia,anika.garcia046@example.com,+91-9653154389
Meera Singh,meera.singh047@example.com,+91-9135497187
Tara Saito,tara.saito048@example.com,+91-9679760958
Harper Watanabe,harper.watanabe049@example.com,+91-9764668242
John Martinez,john.martinez050@example.com,+91-9641444618
Amelia Brown,amelia.brown051@example.com,+91-9487173220
Lucas Takahashi,lucas.takahashi052@example.com,+91-9461923010
Rohan Rao,rohan.rao053@example.com,+91-9915679227
Yuki Watanabe,yuki.watanabe054@example.com,+91-9773995963
Riya Gonzalez,riya.gonzalez055@example.com,+91-9484853393
Aryan Lopez,aryan.lopez056@example.com,+91-9363925049
Sophia Hernandez,sophia.hernandez057@example.com,+91-9446665485
Ren Gupta,ren.gupta058@example.com,+91-9335596237
Ava Garcia,ava.garcia059@example.com,+91-9714154134
Krish Rodriguez,krish.rodriguez060@example.com,+91-9163894795
Akira Tanaka,akira.tanaka061@example.com,+91-9072083844
Anika Kumar,anika.kumar062@example.com,+91-9100105056
Ava Gupta,ava.gupta063@example.com,+91-9799496315
Aiko Rodriguez,aiko.rodriguez064@example.com,+91-9871630639
Karan Watanabe,karan.watanabe065@example.com,+91-9064404084
Harper Watanabe,harper.watanabe066@example.com,+91-9603102938
Jane Rao,jane.rao067@example.com,+91-9441102414
Alex Gonzalez,alex.gonzalez068@example.com,+91-9932106843
Ren Reddy,ren.reddy069@example.com,+91-9308839723
Henry Jones,henry.jones070@example.com,+91-9377577220
Rohan Ito,rohan.ito071@example.com,+91-9544830077
Riya Nair,riya.nair072@example.com,+91-9705165232
Ethan Mukherjee,ethan.mukherjee073@example.com,+91-9909754443
Rohan Davis,rohan.davis074@example.com,+91-9907712792
Charlotte Rodriguez,charlotte.rodriguez075@example.com,+91-9123357166
Kenji Williams,kenji.williams076@example.com,+91-9616435189
Aryan Gonzalez,aryan.gonzalez077@example.com,+91-9907478447
Charlotte Saito,charlotte.saito078@example.com,+91-9658819288
Akira Watanabe,akira.watanabe079@example.com,+91-9028189836
Henry Williams,henry.williams080@example.com,+91-9031088245
Diya Williams,diya.williams081@example.com,+91-9754517058
Kenji Jones,kenji.jones082@example.com,+91-9989493377
Jane Davis,jane.davis083@example.com,+91-9006556040
Diya Nair,diya.nair084@example.com,+91-9608082645
Hiro Hernandez,hiro.hernandez085@example.com,+91-9074716780
Meera Patel,meera.patel086@example.com,+91-9098524063
Aiko Kobayashi,aiko.kobayashi087@example.com,+91-9230997172
Liam Lopez,liam.lopez088@example.com,+91-9487098457
Jane Mehta,jane.mehta089@example.com,+91-9397341481
Anya Garcia,anya.garcia090@example.com,+91-9834120892
Carter Takahashi,carter.takahashi091@example.com,+91-9091221925
Sneha Nair,sneha.nair092@example.com,+91-9169017588
Kenji Saito,kenji.saito093@example.com,+91-9053432064
Akira Kumar,akira.kumar094@example.com,+91-9292168202
Mason Gonzalez,mason.gonzalez095@example.com,+91-9521475287
Henry Wilson,henry.wilson096@example.com,+91-9444726404
Tara Khan,tara.khan097@example.com,+91-9810614025
Lucas Rao,lucas.rao098@example.com,+91-9370626529
Ava Rao,ava.rao099@example.com,+91-9304133583
Akira Nakamura,akira.nakamura100@example.com,+91-9522517939
Amelia Jones,amelia.jones101@example.com,+91-9048766522
Aryan Hernandez,aryan.hernandez102@example.com,+91-9643520276
Sneha Sharma,sneha.sharma103@example.com,+91-9219497661
Anya Khan,anya.khan104@example.com,+91-9823935280
Karan Johnson,karan.johnson105@example.com,+91-9310791488
John Rao,john.rao106@example.com,+91-9008299923
Mia Gonzalez,mia.gonzalez107@example.com,+91-9188650860
Karan Martinez,karan.martinez108@example.com,+91-9571855941
Sakura Mukherjee,sakura.mukherjee109@example.com,+91-9537152602
Charlotte Davis,charlotte.davis110@example.com,+91-9077390472
Olivia Verma,olivia.verma111@example.com,+91-9468387228
Priya Anderson,priya.anderson112@example.com,+91-9989090635
Vikram Garcia,vikram.garcia113@example.com,+91-9618216692
Ava Ito,ava.ito114@example.com,+91-9434245762
Sakura Lopez,sakura.lopez115@example.com,+91-9310864588
Isha Hernandez,isha.hernandez116@example.com,+91-9022394554
John Mehta,john.mehta117@example.com,+91-9860413104
Evelyn Anderson,evelyn.anderson118@example.com,+91-9893381017
Mei Rodriguez,mei.rodriguez119@example.com,+91-9094628740
Ava Gupta,ava.gupta120@example.com,+91-9261259074
Ava Nakamura,ava.nakamura121@example.com,+91-9429979713
Amelia Kumar,amelia.kumar122@example.com,+91-9424951250
Anya Miller,anya.miller123@example.com,+91-9237911187
Jane Mehta,jane.mehta124@example.com,+91-9082011731
Lucas Rao,lucas.rao125@example.com,+91-9569732591
Lucas Shah,lucas.shah126@example.com,+91-9972727126
Hana Davis,hana.davis127@example.com,+91-9376990466
Ren Nair,ren.nair128@example.com,+91-9253691745
Rohan Nair,rohan.nair129@example.com,+91-9274843786
Aditya Joshi,aditya.joshi130@example.com,+91-9646820987
Meera Singh,meera.singh131@example.com,+91-9190209201
Hana Suzuki,hana.suzuki132@example.com,+91-9498165815
Kenji Ito,kenji.ito133@example.com,+91-9815911873
Harper Wilson,harper.wilson134@example.com,+91-9731361497
Carter Saito,carter.saito135@example.com,+91-9347042200
Wei Garcia,wei.garcia136@example.com,+91-9162089272
Mason Singh,mason.singh137@example.com,+91-9503500181
Mason Jones,mason.jones138@example.com,+91-9855052486
Tara Nakamura,tara.nakamura139@example.com,+91-9060314355
Alex Yamamoto,alex.yamamoto140@example.com,+91-9079661615
Anya Anderson,anya.anderson141@example.com,+91-9485238820
Rahul Reddy,rahul.reddy142@example.com,+91-9395928981
Dev Singh,dev.singh143@example.com,+91-9692205349
Anika Saito,anika.saito144@example.com,+91-9637888347
Lucas Martinez,lucas.martinez145@example.com,+91-9496832859
Harper Watanabe,harper.watanabe146@example.com,+91-9850207886
Aiko Verma,aiko.verma147@example.com,+91-9482897882
Carter Shah,carter.shah148@example.com,+91-9345236735
Henry Tanaka,henry.tanaka149@example.com,+91-9538339044
Meera Reddy,meera.reddy150@example.com,+91-9483745511
Rohan Miller,rohan.miller151@example.com,+91-9766990485
Anika Yamamoto,anika.yamamoto152@example.com,+91-9693773681
Diya Verma,diya.verma153@example.com,+91-9266012797
Sakura Wilson,sakura.wilson154@example.com,+91-9471825556
Amelia Kobayashi,amelia.kobayashi155@example.com,+91-9654773573
Arjun Rodriguez,arjun.rodriguez156@example.com,+91-9400346767
Dev Martinez,dev.martinez157@example.com,+91-9438912794
Hana Miller,hana.miller158@example.com,+91-9728960875
Henry Reddy,henry.reddy159@example.com,+91-9847425963
Wei Miller,wei.miller160@example.com,+91-9070772317
Jane Gupta,jane.gupta161@example.com,+91-9599108439
Akira Martinez,akira.martinez162@example.com,+91-9305100495
Krish Takahashi,krish.takahashi163@example.com,+91-9937676901
Meera Miller,meera.miller164@example.com,+91-9087512088
Harper Nair,harper.nair165@example.com,+91-9984349008
Alex Jones,alex.jones166@example.com,+91-9704433388
Mei Hernandez,mei.hernandez167@example.com,+91-9138460786
Henry Kumar,henry.kumar168@example.com,+91-9332411019
Charlotte Martinez,charlotte.martinez169@example.com,+91-9690945624
Jane Iyer,jane.iyer170@example.com,+91-9719532005
Mei Kobayashi,mei.kobayashi171@example.com,+91-9100344359
Yuki Gonzalez,yuki.gonzalez172@example.com,+91-9545985356
Emma Patel,emma.patel173@example.com,+91-9389336282
Anya Joshi,anya.joshi174@example.com,+91-9229987621
Jane Suzuki,jane.suzuki175@example.com,+91-9206164050
Aryan Iyer,aryan.iyer176@example.com,+91-9166371119
Vikram Brown,vikram.brown177@example.com,+91-9906698073
Rohan Yamamoto,rohan.yamamoto178@example.com,+91-9827720428
Logan Kobayashi,logan.kobayashi179@example.com,+91-9040531056
